date,close,ticker,ma30
2025-05-09,197.66848754882812,AAPL,
2025-05-12,210.15048217773438,AAPL,
2025-05-13,212.28399658203125,AAPL,
2025-05-14,211.68582153320312,AAPL,
2025-05-15,210.80848693847656,AAPL,
2025-05-16,210.6190643310547,AAPL,
2025-05-19,208.14657592773438,AAPL,
2025-05-20,206.232421875,AAPL,
2025-05-21,201.4768829345703,AAPL,
2025-05-22,200.7490997314453,AAPL,
2025-05-23,194.67758178710938,AAPL,
2025-05-27,199.60260009765625,AAPL,
2025-05-28,199.81195068359375,AAPL,
2025-05-29,199.3433837890625,AAPL,
2025-05-30,200.24066162109375,AAPL,
2025-06-02,201.08807373046875,AAPL,
2025-06-03,202.65330505371094,AAPL,
2025-06-04,202.20468139648438,AAPL,
2025-06-05,200.02133178710938,AAPL,
2025-06-06,203.30133056640625,AAPL,
2025-06-09,200.83883666992188,AAPL,
2025-06-10,202.05511474609375,AAPL,
2025-06-11,198.1769256591797,AAPL,
2025-06-12,198.5956573486328,AAPL,
2025-06-13,195.85398864746094,AAPL,
2025-06-16,197.81802368164062,AAPL,
2025-06-17,195.0464630126953,AAPL,
2025-06-18,195.9835968017578,AAPL,
2025-06-20,200.39019775390625,AAPL,
2025-06-23,200.888671875,AAPL,201.9471232096354
2025-06-24,199.6923065185547,AAPL,202.01458384195965
2025-06-25,200.94850158691406,AAPL,201.70785115559895
2025-06-26,200.39019775390625,AAPL,201.31139119466147
2025-06-27,200.46995544433594,AAPL,200.93752899169922
2025-06-30,204.5475311279297,AAPL,200.72883046468098
2025-07-01,207.1894989013672,AAPL,200.61451161702473
2025-07-02,211.7954864501953,AAPL,200.73614196777345
2025-07-03,212.90213012695312,AAPL,200.95846557617188
2025-07-07,209.3130340576172,AAPL,201.21967061360678
2025-07-08,209.3728485107422,AAPL,201.50712890625
2025-07-09,210.4994354248047,AAPL,202.0345240275065
2025-07-10,211.76556396484375,AAPL,202.43995615641276
2025-07-11,210.51937866210938,AAPL,202.79687042236327
2025-07-14,207.98707580566406,AAPL,203.08499348958333
2025-07-15,208.4755859375,AAPL,203.35949096679687
2025-07-16,209.5224151611328,AAPL,203.64063568115233
2025-07-17,209.38284301757812,AAPL,203.86495361328124
2025-07-18,210.539306640625,AAPL,204.1427744547526
2025-07-21,211.83535766601562,AAPL,204.5365753173828
2025-07-22,213.74954223632812,AAPL,204.88484903971354
2025-07-23,213.5002899169922,AAPL,205.30689748128256
2025-07-24,213.11148071289062,AAPL,205.67544301350912
2025-07-25,213.23110961914062,AAPL,206.1772491455078
2025-07-28,213.40061950683594,AAPL,206.67074788411458
2025-07-29,210.62904357910156,AAPL,207.16324971516926
2025-07-30,208.415771484375,AAPL,207.51650797526042
2025-07-31,206.94027709960938,AAPL,207.91296844482423
2025-08-01,201.76602172851562,AAPL,208.1057159423828
2025-08-04,202.7330780029297,AAPL,208.1838119506836
2025-08-05,202.3043670654297,AAPL,208.2310017903646
2025-08-06,212.60302734375,AAPL,208.66135915120444
2025-08-07,219.36245727539062,AAPL,209.27515767415363
2025-08-08,228.65420532226562,AAPL,210.21729125976563
2025-08-11,226.74781799316406,AAPL,211.09322001139324
2025-08-12,229.21310424804688,AAPL,211.9154057820638
2025-08-13,232.88612365722656,AAPL,212.77195994059244
2025-08-14,232.33717346191406,AAPL,213.45668284098306
2025-08-15,231.1494140625,AAPL,214.06492563883464
2025-08-18,230.45074462890625,AAPL,214.76951599121094
2025-08-19,230.1213836669922,AAPL,215.4611338297526
2025-08-20,225.5800323486328,AAPL,215.9638203938802
2025-08-21,224.47213745117188,AAPL,216.3873728434245
2025-08-22,227.3267059326172,AAPL,216.94761708577474
2025-08-25,226.7278594970703,AAPL,217.5723098754883
2025-08-26,228.87376403808594,AAPL,218.25224914550782
2025-08-27,230.05152893066406,AAPL,218.93655293782552
2025-08-28,232.11758422851562,AAPL,219.69437764485676
2025-08-29,231.69837951660156,AAPL,220.399680074056
2025-09-02,229.28298950195312,AAPL,220.98126780192058
2025-09-03,238.01634216308594,AAPL,221.7901611328125
2025-09-04,239.3238525390625,AAPL,222.65094655354818
2025-09-05,239.2340087890625,AAPL,223.52169748942057
2025-09-08,237.42745971679688,AAPL,224.32824249267577
2025-09-09,233.9041748046875,AAPL,225.0116943359375
2025-09-10,226.35855102539062,AAPL,225.5360112508138
2025-09-11,229.59239196777344,AAPL,226.2418986002604
2025-09-12,233.62472534179688,AAPL,227.13138020833333
2025-09-15,236.24969482421875,AAPL,228.2808359781901
2025-09-16,237.6969451904297,AAPL,229.44629821777343
2025-09-17,238.5353546142578,AAPL,230.65399780273438
2025-09-18,237.42745971679688,AAPL,231.48147888183593
2025-09-19,245.032958984375,AAPL,232.33716227213543
2025-09-22,255.5928192138672,AAPL,233.23511606852213
2025-09-23,253.9459686279297,AAPL,234.141721089681
2025-09-24,251.8300018310547,AAPL,234.89561767578124
2025-09-25,256.3813171386719,AAPL,235.6787907918294
2025-09-26,254.97401428222656,AAPL,236.4333521525065
2025-09-29,253.9459686279297,AAPL,237.1932373046875
2025-09-30,254.14559936523438,AAPL,237.98306579589843
2025-10-01,254.9640350341797,AAPL,238.8111541748047
2025-10-02,256.6408386230469,AAPL,239.8465143839518
2025-10-03,257.5291442871094,AAPL,240.94841461181642
2025-10-06,256.2016906738281,AAPL,241.9109141031901
2025-10-07,255.99208068847656,AAPL,242.88638814290366
2025-10-08,257.5690612792969,AAPL,243.842898050944
2025-10-09,253.55670166015625,AAPL,244.62640380859375
2025-10-10,244.80340576171875,AAPL,245.04926452636718
2025-10-13,247.18885803222656,AAPL,245.56561381022135
2025-10-14,247.29864501953125,AAPL,246.1661356608073
2025-10-15,248.8656463623047,AAPL,246.52777913411458
2025-10-16,246.979248046875,AAPL,246.782958984375
2025-10-17,251.81002807617188,AAPL,247.20215962727863
2025-10-20,261.7411193847656,AAPL,248.01261494954426
2025-10-21,262.2701110839844,AAPL,248.95814615885416
2025-10-22,257.9583435058594,AAPL,250.0114725748698
2025-10-23,259.0861511230469,AAPL,250.99459788004557
2025-10-24,262.32000732421875,AAPL,251.95110727945965
2025-10-27,268.2986145019531,AAPL,253.01940460205077
2025-10-28,268.4882507324219,AAPL,254.04578145345053
2025-10-29,269.1869201660156,AAPL,255.06750030517577
2025-10-30,270.8836669921875,AAPL,256.18270721435545
2025-10-31,269.85565185546875,AAPL,257.01013031005857
2025-11-03,268.53814697265625,AAPL,257.44164123535154
2025-11-04,269.5262756347656,AAPL,257.9609848022461
2025-11-05,269.6260986328125,AAPL,258.55418802897134
2025-11-06,269.25677490234375,AAPL,258.9833699544271
2025-11-07,267.9592590332031,AAPL,259.4162114461263
2025-11-10,269.1781311035156,AAPL,259.9239501953125
2025-11-11,274.99267578125,AAPL,260.618852742513
2025-11-12,273.21435546875,AAPL,261.2271967569987
2025-11-13,272.6948547363281,AAPL,261.76233062744143
2025-11-14,272.15533447265625,AAPL,262.24987030029297
2025-11-17,267.2099609375,AAPL,262.61681264241537
2025-11-18,267.19000244140625,AAPL,262.9900767008464
2025-11-19,268.3089294433594,AAPL,263.3480723063151
2025-11-20,266.0010986328125,AAPL,263.76288553873695
2025-11-21,271.2361755371094,AAPL,264.64397786458335
2025-11-24,275.6620788574219,AAPL,265.5930852254232
2025-11-25,276.7110900878906,AAPL,266.57350006103513
2025-11-26,277.29052734375,AAPL,267.52099609375
2025-11-28,278.5893249511719,AAPL,268.5746653238932
2025-12-01,282.8353576660156,AAPL,269.608842976888
2025-12-02,285.9224548339844,AAPL,270.414887491862
2025-12-03,283.8843688964844,AAPL,271.13536275227864
2025-12-04,280.4375915527344,AAPL,271.8846710205078
2025-12-05,278.5193786621094,AAPL,272.5324452718099
2025-12-08,277.6302185058594,AAPL,273.04278564453125
2025-12-09,276.9208679199219,AAPL,273.3301940917969
2025-12-10,278.5193786621094,AAPL,273.66456502278646
2025-12-11,277.77008056640625,AAPL,273.95067036946614
2025-12-12,278.0198669433594,AAPL,274.18854370117185
2025-12-15,273.8537292480469,AAPL,274.3218129475911
2025-12-16,274.353271484375,AAPL,274.5156504313151
2025-12-17,271.58587646484375,AAPL,274.5843037923177
2025-12-18,271.935546875,AAPL,274.6612854003906
2025-12-19,273.4141845703125,AAPL,274.79986572265625
2025-12-22,270.7166748046875,AAPL,274.89177958170575
2025-12-23,272.1053771972656,AAPL,274.9893544514974
2025-12-24,273.55401611328125,AAPL,274.9413991292318
2025-12-26,273.1444091796875,AAPL,274.93906758626304
2025-12-29,273.50408935546875,AAPL,274.96604207356773
2025-12-30,272.82470703125,AAPL,274.9883544921875
2025-12-31,271.6058349609375,AAPL,275.1348836263021
2026-01-02,270.75665283203125,AAPL,275.25377197265624
2026-01-05,267.0101623535156,AAPL,275.2104797363281
2026-01-06,262.1147155761719,AAPL,275.0809336344401
2026-01-07,260.08660888671875,AAPL,274.7092814127604
2026-01-08,258.7978515625,AAPL,274.1471405029297
2026-01-09,259.1275329589844,AAPL,273.56102193196614
2026-01-12,260.0067138671875,AAPL,272.9848948160807
2026-01-13,260.8059387207031,AAPL,272.3921152750651
2026-01-14,259.71697998046875,AAPL,271.6215026855469
2026-01-15,257.9685974121094,AAPL,270.68970743815106
2026-01-16,255.29112243652344,AAPL,269.736599222819
2026-01-20,246.46937561035156,AAPL,268.6043253580729
2026-01-21,247.41848754882812,AAPL,267.5676289876302
2026-01-22,248.1178436279297,AAPL,266.5838831583659
2026-01-23,247.80812072753906,AAPL,265.61345825195315
2026-01-26,255.17123413085938,AAPL,264.83518676757814
2026-01-27,258.0285339355469,AAPL,264.17713521321616
2026-01-28,256.2002868652344,AAPL,263.44981587727864
2026-01-29,258.0385437011719,AAPL,262.9226430257161
2026-01-30,259.2374267578125,AAPL,262.4187815348307
2026-02-02,269.7575988769531,AAPL,262.3578389485677
2026-02-03,269.22808837890625,AAPL,262.26759033203126
2026-02-04,276.23150634765625,AAPL,262.3615010579427
2026-02-05,275.6520690917969,AAPL,262.52601420084636
2026-02-06,277.8599853515625,AAPL,262.71783447265625
2026-02-09,274.6199951171875,AAPL,262.7533671061198
2026-02-10,273.67999267578125,AAPL,262.77121988932294
2026-02-11,275.5,AAPL,262.83775024414064
2026-02-12,261.7300109863281,AAPL,262.4679270426432
2026-02-13,255.77999877929688,AAPL,261.9403991699219
2026-02-17,263.8800048828125,AAPL,261.7111775716146
2026-02-18,264.3500061035156,AAPL,261.6225056966146
2026-02-19,260.5799865722656,AAPL,261.57134806315105
2026-02-20,264.5799865722656,AAPL,261.72112731933595
2026-02-23,266.17999267578125,AAPL,261.9671986897786
2026-02-24,272.1400146484375,AAPL,262.4009480794271
2026-02-25,274.2300109863281,AAPL,262.87505798339845
2026-02-26,272.95001220703125,AAPL,263.2798604329427
2026-02-27,264.17999267578125,AAPL,263.4286275227865
2026-03-02,264.7200012207031,AAPL,263.65367431640624
2026-03-03,263.75,AAPL,263.93563690185545
2026-03-04,262.5199890136719,AAPL,264.4706573486328
2026-03-05,260.2900085449219,AAPL,264.8997080485026
2026-03-06,257.4599914550781,AAPL,265.2111129760742
2026-03-09,259.8800048828125,AAPL,265.61350911458334
2026-03-10,260.8299865722656,AAPL,265.80213419596356
2026-03-11,260.80999755859375,AAPL,265.8948496500651
2026-03-12,255.75999450683594,AAPL,265.8801732381185
2026-03-13,250.1199951171875,AAPL,265.61622161865233
2026-03-16,252.82000732421875,AAPL,265.40230763753254
2026-03-17,254.22999572753906,AAPL,264.8847208658854
2026-03-18,249.94000244140625,AAPL,264.2417846679688
2026-03-19,248.9600067138672,AAPL,263.3327346801758
2026-03-20,247.99000549316406,AAPL,262.41066589355466
2026-03-23,251.49000549316406,AAPL,261.5316665649414
2026-03-24,251.63999938964844,AAPL,260.7656667073568
2026-03-25,252.6199951171875,AAPL,260.06366678873695
2026-03-26,252.88999938964844,AAPL,259.3100001017253
2026-03-27,248.8000030517578,AAPL,258.8789998372396
2026-03-30,246.6300048828125,AAPL,258.5740000406901
2026-03-31,253.7899932861328,AAPL,258.23766632080077
2026-04-01,255.6300048828125,AAPL,257.946999613444
2026-04-02,255.9199981689453,AAPL,257.7916666666667
2026-04-06,258.8599853515625,AAPL,257.6009999593099
2026-04-07,253.5,AAPL,257.17833353678384
2026-04-08,258.8999938964844,AAPL,256.73699951171875
2026-04-09,260.489990234375,AAPL,256.27899881998695
2026-04-10,260.4800109863281,AAPL,255.86333211263022
2026-04-13,259.20001220703125,AAPL,255.69733276367188
2026-04-14,258.8299865722656,AAPL,255.5009989420573
2026-04-15,266.42999267578125,AAPL,255.59033203125
2026-04-16,263.3999938964844,AAPL,255.61966552734376
2026-04-17,270.2300109863281,AAPL,255.95099894205728
2026-04-20,273.04998779296875,AAPL,256.4706654866537
2026-04-21,266.1700134277344,AAPL,256.680332438151
2026-04-22,273.1700134277344,AAPL,257.09166666666664
2026-04-23,273.42999267578125,AAPL,257.5123331705729
2026-04-24,271.05999755859375,AAPL,258.02233327229817
2026-04-27,267.6099853515625,AAPL,258.60533294677737
2026-04-28,270.7099914550781,AAPL,259.20166575113933
2026-04-29,270.1700134277344,AAPL,259.7329996744792
2026-04-30,271.3500061035156,AAPL,260.44666646321616
2026-05-01,280.1400146484375,AAPL,261.48600006103516
2026-05-04,276.8299865722656,AAPL,262.44733276367185
2026-05-05,284.17999267578125,AAPL,263.53699900309243
2026-05-06,287.510009765625,AAPL,264.732666015625
2026-05-07,287.44000244140625,AAPL,265.89333292643227
2026-05-08,293.32000732421875,AAPL,267.24099985758465
2025-05-09,193.05999755859375,AMZN,
2025-05-12,208.63999938964844,AMZN,
2025-05-13,211.3699951171875,AMZN,
2025-05-14,210.25,AMZN,
2025-05-15,205.1699981689453,AMZN,
2025-05-16,205.58999633789062,AMZN,
2025-05-19,206.16000366210938,AMZN,
2025-05-20,204.07000732421875,AMZN,
2025-05-21,201.1199951171875,AMZN,
2025-05-22,203.10000610351562,AMZN,
2025-05-23,200.99000549316406,AMZN,
2025-05-27,206.02000427246094,AMZN,
2025-05-28,204.72000122070312,AMZN,
2025-05-29,205.6999969482422,AMZN,
2025-05-30,205.00999450683594,AMZN,
2025-06-02,206.64999389648438,AMZN,
2025-06-03,205.7100067138672,AMZN,
2025-06-04,207.22999572753906,AMZN,
2025-06-05,207.91000366210938,AMZN,
2025-06-06,213.57000732421875,AMZN,
2025-06-09,216.97999572753906,AMZN,
2025-06-10,217.61000061035156,AMZN,
2025-06-11,213.1999969482422,AMZN,
2025-06-12,213.24000549316406,AMZN,
2025-06-13,212.10000610351562,AMZN,
2025-06-16,216.10000610351562,AMZN,
2025-06-17,214.82000732421875,AMZN,
2025-06-18,212.52000427246094,AMZN,
2025-06-20,209.69000244140625,AMZN,
2025-06-23,208.47000122070312,AMZN,208.22566782633464
2025-06-24,212.77000427246094,AMZN,208.8826680501302
2025-06-25,211.99000549316406,AMZN,208.99433492024738
2025-06-26,217.1199951171875,AMZN,209.18600158691407
2025-06-27,223.3000030517578,AMZN,209.62100168863932
2025-06-30,219.38999938964844,AMZN,210.09500172932943
2025-07-01,220.4600067138672,AMZN,210.59066874186198
2025-07-02,219.9199981689453,AMZN,211.04933522542316
2025-07-03,223.41000366210938,AMZN,211.69400177001953
2025-07-07,223.47000122070312,AMZN,212.43900197347006
2025-07-08,219.36000061035156,AMZN,212.9810017903646
2025-07-09,222.5399932861328,AMZN,213.69933471679687
2025-07-10,222.25999450683594,AMZN,214.24066772460938
2025-07-11,225.02000427246094,AMZN,214.9173344930013
2025-07-14,225.69000244140625,AMZN,215.58366800944012
2025-07-15,226.35000610351562,AMZN,216.2950017293294
2025-07-16,223.19000244140625,AMZN,216.8463353474935
2025-07-17,223.8800048828125,AMZN,217.452001953125
2025-07-18,226.1300048828125,AMZN,218.08200225830078
2025-07-21,229.3000030517578,AMZN,218.79500223795574
2025-07-22,227.47000122070312,AMZN,219.25833536783855
2025-07-23,228.2899932861328,AMZN,219.63533528645834
2025-07-24,232.22999572753906,AMZN,220.12266845703124
2025-07-25,231.44000244140625,AMZN,220.7306686401367
2025-07-28,232.7899932861328,AMZN,221.38233489990233
2025-07-29,231.00999450683594,AMZN,222.01266784667968
2025-07-30,230.19000244140625,AMZN,222.48233439127605
2025-07-31,234.11000061035156,AMZN,223.12533416748047
2025-08-01,214.75,AMZN,223.19966735839844
2025-08-04,211.64999389648438,AMZN,223.26500040690104
2025-08-05,213.75,AMZN,223.44100036621094
2025-08-06,222.30999755859375,AMZN,223.75900014241537
2025-08-07,223.1300048828125,AMZN,224.13033345540364
2025-08-08,222.69000244140625,AMZN,224.31600036621094
2025-08-11,221.3000030517578,AMZN,224.24933369954428
2025-08-12,221.47000122070312,AMZN,224.31866709391275
2025-08-13,224.55999755859375,AMZN,224.45533345540363
2025-08-14,230.97999572753906,AMZN,224.8240000406901
2025-08-15,231.02999877929688,AMZN,225.0779998779297
2025-08-18,231.49000549316406,AMZN,225.3453333536784
2025-08-19,228.00999450683594,AMZN,225.6336664835612
2025-08-20,223.80999755859375,AMZN,225.6759999593099
2025-08-21,221.9499969482422,AMZN,225.66566670735676
2025-08-22,228.83999633789062,AMZN,225.79299977620443
2025-08-25,227.94000244140625,AMZN,225.8679997762044
2025-08-26,228.7100067138672,AMZN,225.94666646321613
2025-08-27,229.1199951171875,AMZN,226.1443328857422
2025-08-28,231.60000610351562,AMZN,226.40166625976562
2025-08-29,229.0,AMZN,226.49733276367186
2025-09-02,225.33999633789062,AMZN,226.3653325398763
2025-09-03,225.99000549316406,AMZN,226.31599934895834
2025-09-04,235.67999267578125,AMZN,226.5623326619466
2025-09-05,232.3300018310547,AMZN,226.56566619873047
2025-09-08,235.83999633789062,AMZN,226.71233266194662
2025-09-09,238.24000549316406,AMZN,226.8939997355143
2025-09-10,230.3300018310547,AMZN,226.87133331298827
2025-09-11,229.9499969482422,AMZN,226.86333312988282
2025-09-12,228.14999389648438,AMZN,226.66466623942057
2025-09-15,231.42999267578125,AMZN,227.22066599527994
2025-09-16,234.0500030517578,AMZN,227.9673329671224
2025-09-17,231.6199951171875,AMZN,228.56299947102863
2025-09-18,231.22999572753906,AMZN,228.86033274332684
2025-09-19,231.47999572753906,AMZN,229.13866577148437
2025-09-22,227.6300048828125,AMZN,229.30333251953124
2025-09-23,220.7100067138672,AMZN,229.2836659749349
2025-09-24,220.2100067138672,AMZN,229.24166615804037
2025-09-25,218.14999389648438,AMZN,229.0279993693034
2025-09-26,219.77999877929688,AMZN,228.6546661376953
2025-09-29,222.1699981689453,AMZN,228.3593327840169
2025-09-30,219.57000732421875,AMZN,227.96199951171874
2025-10-01,220.6300048828125,AMZN,227.71599985758465
2025-10-02,222.41000366210938,AMZN,227.6693333943685
2025-10-03,219.50999450683594,AMZN,227.58799997965494
2025-10-06,220.89999389648438,AMZN,227.32333323160807
2025-10-07,221.77999877929688,AMZN,227.1179997762044
2025-10-08,225.22000122070312,AMZN,227.0016662597656
2025-10-09,227.74000549316406,AMZN,226.9556666056315
2025-10-10,216.3699951171875,AMZN,226.4479995727539
2025-10-13,220.07000732421875,AMZN,226.15033315022785
2025-10-14,216.38999938964844,AMZN,225.85199991861978
2025-10-15,215.57000732421875,AMZN,225.50466664632162
2025-10-16,214.47000122070312,AMZN,224.79766693115235
2025-10-17,213.0399932861328,AMZN,224.1546666463216
2025-10-20,216.47999572753906,AMZN,223.50933329264322
2025-10-21,222.02999877929688,AMZN,222.96899973551433
2025-10-22,217.9499969482422,AMZN,222.55633290608725
2025-10-23,221.08999633789062,AMZN,222.26099955240886
2025-10-24,224.2100067138672,AMZN,222.12966664632162
2025-10-27,226.97000122070312,AMZN,221.9810002644857
2025-10-28,229.25,AMZN,221.8210001627604
2025-10-29,230.3000030517578,AMZN,221.7770004272461
2025-10-30,222.86000061035156,AMZN,221.4980005900065
2025-10-31,244.22000122070312,AMZN,221.92266743977865
2025-11-03,254.0,AMZN,222.80166727701823
2025-11-04,249.32000732421875,AMZN,223.75533396402994
2025-11-05,250.1999969482422,AMZN,224.75500030517577
2025-11-06,243.0399932861328,AMZN,225.58466695149738
2025-11-07,244.41000366210938,AMZN,226.40566711425782
2025-11-10,248.39999389648438,AMZN,227.28000030517578
2025-11-11,249.10000610351562,AMZN,228.26433359781902
2025-11-12,244.1999969482422,AMZN,229.05
2025-11-13,237.5800018310547,AMZN,229.5556666056315
2025-11-14,234.69000244140625,AMZN,230.0616668701172
2025-11-17,232.8699951171875,AMZN,230.4606669108073
2025-11-18,222.5500030517578,AMZN,230.48633371988933
2025-11-19,222.69000244140625,AMZN,230.4020004272461
2025-11-20,217.13999938964844,AMZN,230.04866689046224
2025-11-21,220.69000244140625,AMZN,230.19266713460286
2025-11-24,226.27999877929688,AMZN,230.39966684977213
2025-11-25,229.6699981689453,AMZN,230.8423334757487
2025-11-26,229.16000366210938,AMZN,231.2953333536784
2025-11-28,233.22000122070312,AMZN,231.9203333536784
2025-12-01,233.8800048828125,AMZN,232.61500040690103
2025-12-02,234.4199981689453,AMZN,233.21300048828124
2025-12-03,232.3800048828125,AMZN,233.55800069173176
2025-12-04,229.11000061035156,AMZN,233.93000081380208
2025-12-05,229.52999877929688,AMZN,234.21133422851562
2025-12-08,226.88999938964844,AMZN,234.30066731770833
2025-12-09,227.9199981689453,AMZN,234.33233388264975
2025-12-10,231.77999877929688,AMZN,234.41666717529296
2025-12-11,230.27999877929688,AMZN,234.41600036621094
2025-12-12,226.19000244140625,AMZN,234.5270004272461
2025-12-15,222.5399932861328,AMZN,233.80433349609376
2025-12-16,222.55999755859375,AMZN,232.75633341471354
2025-12-17,221.27000427246094,AMZN,231.8213333129883
2025-12-18,226.75999450683594,AMZN,231.03999989827474
2025-12-19,227.35000610351562,AMZN,230.51700032552083
2025-12-22,228.42999267578125,AMZN,229.98433329264324
2025-12-23,232.13999938964844,AMZN,229.4423334757487
2025-12-24,232.3800048828125,AMZN,228.88500010172527
2025-12-26,232.52000427246094,AMZN,228.49566701253255
2025-12-29,232.07000732421875,AMZN,228.31200052897137
2025-12-30,232.52999877929688,AMZN,228.24000040690103
2025-12-31,230.82000732421875,AMZN,228.17166748046876
2026-01-02,226.5,AMZN,228.30333404541017
2026-01-05,233.05999755859375,AMZN,228.6490005493164
2026-01-06,240.92999267578125,AMZN,229.44200032552084
2026-01-07,241.55999755859375,AMZN,230.13766682942708
2026-01-08,246.2899932861328,AMZN,230.8046666463216
2026-01-09,247.3800048828125,AMZN,231.3950002034505
2026-01-12,246.47000122070312,AMZN,231.9720001220703
2026-01-13,242.60000610351562,AMZN,232.2846669514974
2026-01-14,236.64999389648438,AMZN,232.3769999186198
2026-01-15,238.17999267578125,AMZN,232.50233306884766
2026-01-16,239.1199951171875,AMZN,232.72699940999348
2026-01-20,231.0,AMZN,232.78999938964844
2026-01-21,231.30999755859375,AMZN,232.84933268229167
2026-01-22,234.33999633789062,AMZN,233.09766591389973
2026-01-23,239.16000366210938,AMZN,233.4723327636719
2026-01-26,238.4199981689453,AMZN,233.69366607666015
2026-01-27,244.67999267578125,AMZN,234.17366587320964
2026-01-28,243.00999450683594,AMZN,234.7343322753906
2026-01-29,241.72999572753906,AMZN,235.3739990234375
2026-01-30,239.3000030517578,AMZN,235.93199920654297
2026-02-02,242.9600067138672,AMZN,236.65499928792318
2026-02-03,238.6199951171875,AMZN,237.05033264160156
2026-02-04,232.99000549316406,AMZN,237.23833262125652
2026-02-05,222.69000244140625,AMZN,237.046999613444
2026-02-06,210.32000732421875,AMZN,236.31966654459634
2026-02-09,208.72000122070312,AMZN,235.53099975585937
2026-02-10,206.9600067138672,AMZN,234.6789998372396
2026-02-11,204.0800018310547,AMZN,233.74599965413412
2026-02-12,199.60000610351562,AMZN,232.64833323160806
2026-02-13,198.7899932861328,AMZN,231.5806660970052
2026-02-17,201.14999389648438,AMZN,230.73566589355468
2026-02-18,204.7899932861328,AMZN,229.793332417806
2026-02-19,204.86000061035156,AMZN,228.59099934895832
2026-02-20,210.11000061035156,AMZN,227.54266611735025
2026-02-23,205.27000427246094,AMZN,226.17533315022786
2026-02-24,208.55999755859375,AMZN,224.88133290608724
2026-02-25,210.63999938964844,AMZN,223.68699951171874
2026-02-26,207.9199981689453,AMZN,222.53099924723307
2026-02-27,210.0,AMZN,221.64266611735027
2026-03-02,208.38999938964844,AMZN,220.64966634114583
2026-03-03,208.72999572753906,AMZN,219.63666636149088
2026-03-04,216.82000732421875,AMZN,219.16399993896485
2026-03-05,218.94000244140625,AMZN,218.7516667683919
2026-03-06,213.2100067138672,AMZN,218.04733378092448
2026-03-09,213.49000549316406,AMZN,217.19166717529296
2026-03-10,214.3300018310547,AMZN,216.38866729736327
2026-03-11,212.64999389648438,AMZN,215.3210006713867
2026-03-12,209.52999877929688,AMZN,214.2050008138021
2026-03-13,207.6699981689453,AMZN,213.06966756184895
2026-03-16,211.74000549316406,AMZN,212.1510009765625
2026-03-17,215.1999969482422,AMZN,211.22566731770834
2026-03-18,209.8699951171875,AMZN,210.267333984375
2026-03-19,208.75999450683594,AMZN,209.45966695149738
2026-03-20,205.3699951171875,AMZN,208.88233337402343
2026-03-23,210.13999938964844,AMZN,208.87633310953777
2026-03-24,207.24000549316406,AMZN,208.8269999186198
2026-03-25,211.7100067138672,AMZN,208.98533325195314
2026-03-26,207.5399932861328,AMZN,209.10066630045574
2026-03-27,199.33999633789062,AMZN,209.09199930826824
2026-03-30,200.9499969482422,AMZN,209.16399943033855
2026-03-31,208.27000427246094,AMZN,209.40133310953777
2026-04-01,210.57000732421875,AMZN,209.59400024414063
2026-04-02,209.77000427246094,AMZN,209.7576670328776
2026-04-06,212.7899932861328,AMZN,209.8470001220703
2026-04-07,213.77000427246094,AMZN,210.13033345540364
2026-04-08,221.25,AMZN,210.55333353678387
2026-04-09,233.64999389648438,AMZN,211.3203333536784
2026-04-10,238.3800048828125,AMZN,212.3356669108073
2026-04-13,239.88999938964844,AMZN,213.33200022379557
2026-04-14,249.02000427246094,AMZN,214.68633371988932
2026-04-15,248.5,AMZN,216.01200052897136
2026-04-16,249.6999969482422,AMZN,217.10800018310547
2026-04-17,250.55999755859375,AMZN,218.16200002034506
2026-04-20,248.27999877929688,AMZN,219.33099975585938
2026-04-21,249.91000366210938,AMZN,220.5449996948242
2026-04-22,255.36000061035156,AMZN,221.91266632080078
2026-04-23,255.0800018310547,AMZN,223.3269999186198
2026-04-24,263.989990234375,AMZN,225.1423329671224
2026-04-27,261.1199951171875,AMZN,226.9239995320638
2026-04-28,259.70001220703125,AMZN,228.52266642252604
2026-04-29,263.0400085449219,AMZN,230.1173334757487
2026-04-30,265.05999755859375,AMZN,231.95700022379557
2026-05-01,268.260009765625,AMZN,233.9403340657552
2026-05-04,272.04998779296875,AMZN,236.16300048828126
2026-05-05,273.54998779296875,AMZN,238.27666676839192
2026-05-06,274.989990234375,AMZN,240.53499959309895
2026-05-07,271.1700134277344,AMZN,242.51699981689453
2026-05-08,272.67999267578125,AMZN,244.6883331298828
2025-05-09,152.22218322753906,GOOGL,
2025-05-12,157.91244506835938,GOOGL,
2025-05-13,158.978759765625,GOOGL,
2025-05-14,164.79856872558594,GOOGL,
2025-05-15,163.39344787597656,GOOGL,
2025-05-16,165.61572265625,GOOGL,
2025-05-19,165.9645233154297,GOOGL,
2025-05-20,163.41336059570312,GOOGL,
2025-05-21,167.9775390625,GOOGL,
2025-05-22,170.27955627441406,GOOGL,
2025-05-23,167.88784790039062,GOOGL,
2025-05-27,172.30255126953125,GOOGL,
2025-05-28,171.76441955566406,GOOGL,
2025-05-29,171.26612854003906,GOOGL,
2025-05-30,171.1465606689453,GOOGL,
2025-06-02,168.44590759277344,GOOGL,
2025-06-03,165.6057586669922,GOOGL,
2025-06-04,167.4693145751953,GOOGL,
2025-06-05,167.62875366210938,GOOGL,
2025-06-06,173.079833984375,GOOGL,
2025-06-09,175.69395446777344,GOOGL,
2025-06-10,178.19833374023438,GOOGL,
2025-06-11,176.9511260986328,GOOGL,
2025-06-12,175.30484008789062,GOOGL,
2025-06-13,174.27716064453125,GOOGL,
2025-06-16,176.3724365234375,GOOGL,
2025-06-17,175.5542755126953,GOOGL,
2025-06-18,172.93020629882812,GOOGL,
2025-06-20,166.26522827148438,GOOGL,
2025-06-23,164.8184814453125,GOOGL,168.78397420247396
2025-06-24,166.3949432373047,GOOGL,169.25639953613282
2025-06-25,170.29612731933594,GOOGL,169.6691889444987
2025-06-26,173.14968872070312,GOOGL,170.1415532430013
2025-06-27,178.12847900390625,GOOGL,170.58588358561198
2025-06-30,175.83364868164062,GOOGL,171.00055694580078
2025-07-01,175.44451904296875,GOOGL,171.32818349202475
2025-07-02,178.23822021484375,GOOGL,171.7373067220052
2025-07-03,179.126220703125,GOOGL,172.26106872558594
2025-07-07,176.3923797607422,GOOGL,172.54156341552735
2025-07-08,173.9678497314453,GOOGL,172.6645065307617
2025-07-09,176.2227783203125,GOOGL,172.9423375447591
2025-07-10,177.22052001953125,GOOGL,173.10626983642578
2025-07-11,179.7847442626953,GOOGL,173.3736139933268
2025-07-14,181.15164184570312,GOOGL,173.70313110351563
2025-07-15,181.59068298339844,GOOGL,174.0512685139974
2025-07-16,182.55848693847656,GOOGL,174.52168782552084
2025-07-17,183.1671142578125,GOOGL,175.10706634521483
2025-07-18,184.64378356933594,GOOGL,175.67954864501954
2025-07-21,189.67245483398438,GOOGL,176.41433868408203
2025-07-22,190.90966796875,GOOGL,177.0086664835612
2025-07-23,189.8021697998047,GOOGL,177.47894032796225
2025-07-24,191.73780822753906,GOOGL,177.93025614420574
2025-07-25,192.74551391601562,GOOGL,178.45673573811848
2025-07-28,192.14688110351562,GOOGL,179.01813710530598
2025-07-29,195.3097381591797,GOOGL,179.71922302246094
2025-07-30,196.08799743652344,GOOGL,180.37640838623048
2025-07-31,191.46839904785156,GOOGL,180.90687917073566
2025-08-01,188.70465087890625,GOOGL,181.4326939900716
2025-08-04,194.60133361816406,GOOGL,182.37723083496093
2025-08-05,194.232177734375,GOOGL,183.3576873779297
2025-08-06,195.6489715576172,GOOGL,184.33282165527345
2025-08-07,196.07801818847656,GOOGL,185.1922180175781
2025-08-08,200.9669952392578,GOOGL,186.1194615681966
2025-08-11,200.54794311523438,GOOGL,186.8667770385742
2025-08-12,202.88267517089844,GOOGL,187.7684112548828
2025-08-13,201.50579833984375,GOOGL,188.63712056477866
2025-08-14,202.48358154296875,GOOGL,189.44529927571614
2025-08-15,203.44140625,GOOGL,190.25580546061198
2025-08-18,203.04232788085938,GOOGL,191.14413706461588
2025-08-19,201.11668395996094,GOOGL,192.0490982055664
2025-08-20,198.87171936035156,GOOGL,192.80406290690104
2025-08-21,199.3007354736328,GOOGL,193.54007008870443
2025-08-22,205.62648010253906,GOOGL,194.40146128336588
2025-08-25,208.02110290527344,GOOGL,195.29710998535157
2025-08-26,206.6741180419922,GOOGL,196.1332244873047
2025-08-27,207.0133514404297,GOOGL,196.9483866373698
2025-08-28,211.1640167236328,GOOGL,197.8816167195638
2025-08-29,212.43115234375,GOOGL,198.8078623453776
2025-09-02,210.87466430664062,GOOGL,199.5146026611328
2025-09-03,230.1412353515625,GOOGL,200.82232157389322
2025-09-04,231.7775421142578,GOOGL,202.22150065104168
2025-09-05,234.4714813232422,GOOGL,203.64595642089844
2025-09-08,233.72247314453125,GOOGL,205.01185506184896
2025-09-09,239.30491638183594,GOOGL,206.5837895711263
2025-09-10,238.84552001953125,GOOGL,208.03498229980468
2025-09-11,240.0438995361328,GOOGL,209.50017903645832
2025-09-12,240.4733123779297,GOOGL,211.13367614746093
2025-09-15,251.26864624023438,GOOGL,213.2191426595052
2025-09-16,250.8192596435547,GOOGL,215.09307352701822
2025-09-17,249.19146728515625,GOOGL,216.9250498453776
2025-09-18,251.68807983398438,GOOGL,218.79302012125652
2025-09-19,254.3744354248047,GOOGL,220.73623402913412
2025-09-22,252.18739318847656,GOOGL,222.4435806274414
2025-09-23,251.31858825683594,GOOGL,224.13593546549478
2025-09-24,246.80470275878906,GOOGL,225.60000305175782
2025-09-25,245.45654296875,GOOGL,227.06502787272134
2025-09-26,246.2055206298828,GOOGL,228.52242584228514
2025-09-29,243.71890258789062,GOOGL,229.86500905354816
2025-09-30,242.77020263671875,GOOGL,231.18927154541015
2025-10-01,244.5677490234375,GOOGL,232.63764038085938
2025-10-02,245.35667419433594,GOOGL,234.18713887532553
2025-10-03,245.01715087890625,GOOGL,235.71101938883464
2025-10-06,250.09024047851562,GOOGL,237.19314473470052
2025-10-07,245.42657470703125,GOOGL,238.43999379475912
2025-10-08,244.2881317138672,GOOGL,239.69379425048828
2025-10-09,241.2023162841797,GOOGL,240.83342641194662
2025-10-10,236.2490692138672,GOOGL,241.66959482828776
2025-10-13,243.81875610351562,GOOGL,242.71584828694662
2025-10-14,245.1169891357422,GOOGL,243.85725911458334
2025-10-15,250.68942260742188,GOOGL,244.54219868977864
2025-10-16,251.1188507080078,GOOGL,245.186908976237
2025-10-17,252.9563446044922,GOOGL,245.80307108561198
2025-10-20,256.2019348144531,GOOGL,246.55238647460936
2025-10-21,250.12020874023438,GOOGL,246.91289621988932
2025-10-22,251.34854125976562,GOOGL,247.3296635945638
2025-10-23,252.73666381835938,GOOGL,247.75275573730468
2025-10-24,259.5673828125,GOOGL,248.38922475179035
2025-10-27,268.9046630859375,GOOGL,248.97709197998046
2025-10-28,267.1071472167969,GOOGL,249.5200215657552
2025-10-29,274.197509765625,GOOGL,250.35355631510416
2025-10-30,281.09814453125,GOOGL,251.33389180501302
2025-10-31,280.8085021972656,GOOGL,252.21502736409505
2025-11-03,283.3350830078125,GOOGL,253.25328369140624
2025-11-04,277.1634521484375,GOOGL,254.11477915445963
2025-11-05,283.92425537109375,GOOGL,255.3520975748698
2025-11-06,284.3636779785156,GOOGL,256.6490020751953
2025-11-07,278.45172119140625,GOOGL,257.72387542724607
2025-11-10,289.7064208984375,GOOGL,259.25679270426434
2025-11-11,290.914794921875,GOOGL,260.86161244710286
2025-11-12,286.3210144042969,GOOGL,262.2533879597982
2025-11-13,278.19207763671875,GOOGL,263.3479014078776
2025-11-14,276.0350036621094,GOOGL,264.3818298339844
2025-11-17,284.63330078125,GOOGL,265.53326517740885
2025-11-18,283.8943176269531,GOOGL,266.8155232747396
2025-11-19,292.4127502441406,GOOGL,268.41967722574867
2025-11-20,289.05731201171875,GOOGL,270.01484375
2025-11-21,299.25347900390625,GOOGL,272.11499074300133
2025-11-24,318.14776611328125,GOOGL,274.5926244099935
2025-11-25,323.0011901855469,GOOGL,277.188764444987
2025-11-26,319.5159606933594,GOOGL,279.4829823811849
2025-11-28,319.7456359863281,GOOGL,281.77054189046225
2025-12-01,314.46282958984375,GOOGL,283.8207580566406
2025-12-02,315.38153076171875,GOOGL,285.7934112548828
2025-12-03,319.19635009765625,GOOGL,288.0959493001302
2025-12-04,317.1890869140625,GOOGL,290.29063415527344
2025-12-05,320.8341064453125,GOOGL,292.5605489095052
2025-12-08,313.49932861328125,GOOGL,294.3582804361979
2025-12-09,316.85693359375,GOOGL,295.956689453125
2025-12-10,319.9847412109375,GOOGL,297.7192759195963
2025-12-11,312.210205078125,GOOGL,298.9863657633463
2025-12-12,309.07244873046875,GOOGL,299.91884256998696
2025-12-15,308.003173828125,GOOGL,300.82533162434896
2025-12-16,306.3543395996094,GOOGL,301.59264017740884
2025-12-17,296.5112609863281,GOOGL,302.23756713867186
2025-12-18,302.2472229003906,GOOGL,302.84833272298175
2025-12-19,306.9439392089844,GOOGL,303.60100809733075
2025-12-22,309.56207275390625,GOOGL,304.6380198160807
2025-12-23,314.1288757324219,GOOGL,305.4521016438802
2025-12-24,313.8690490722656,GOOGL,306.2172434488932
2025-12-26,313.2894592285156,GOOGL,307.11619160970054
2025-12-29,313.33941650390625,GOOGL,308.2877695719401
2025-12-30,313.6292419433594,GOOGL,309.54091084798176
2025-12-31,312.7798156738281,GOOGL,310.4791280110677
2026-01-02,314.9283142089844,GOOGL,311.5135945638021
2026-01-05,316.3173522949219,GOOGL,312.31041463216144
2026-01-06,314.1188659667969,GOOGL,313.1457997639974
2026-01-07,321.7535095214844,GOOGL,313.89580078125
2026-01-08,325.2110595703125,GOOGL,314.13124389648436
2026-01-09,328.3388671875,GOOGL,314.3091664632162
2026-01-12,331.62652587890625,GOOGL,314.712851969401
2026-01-13,335.7336730957031,GOOGL,315.24578653971355
2026-01-14,335.603759765625,GOOGL,315.9504842122396
2026-01-15,332.5458984375,GOOGL,316.5226298014323
2026-01-16,329.7678527832031,GOOGL,316.87501322428386
2026-01-20,321.77349853515625,GOOGL,317.027826944987
2026-01-21,328.1490173339844,GOOGL,317.2716573079427
2026-01-22,330.3074951171875,GOOGL,317.83192952473956
2026-01-23,327.6993103027344,GOOGL,318.19334208170574
2026-01-26,333.02557373046875,GOOGL,318.62803649902344
2026-01-27,334.31463623046875,GOOGL,319.36485087076824
2026-01-28,335.7736511230469,GOOGL,320.25489095052086
2026-01-29,338.0120544433594,GOOGL,321.25518697102865
2026-01-30,337.7622375488281,GOOGL,322.3021169026693
2026-02-02,343.4482421875,GOOGL,323.86668294270834
2026-02-03,339.47100830078125,GOOGL,325.10747578938805
2026-02-04,332.80572509765625,GOOGL,325.9695353190104
2026-02-05,331.0169677734375,GOOGL,326.6846984863281
2026-02-06,322.63287353515625,GOOGL,326.9681650797526
2026-02-09,324.09185791015625,GOOGL,327.308925374349
2026-02-10,318.3558654785156,GOOGL,327.47780558268227
2026-02-11,310.7412414550781,GOOGL,327.3911997477214
2026-02-12,308.7826232910156,GOOGL,327.2296457926432
2026-02-13,305.50494384765625,GOOGL,326.9871500651042
2026-02-17,301.8075256347656,GOOGL,326.54979044596354
2026-02-18,303.1166076660156,GOOGL,326.109765625
2026-02-19,302.636962890625,GOOGL,325.72703552246094
2026-02-20,314.7584228515625,GOOGL,325.4938659667969
2026-02-23,311.2708740234375,GOOGL,325.02919311523436
2026-02-24,310.6813049316406,GOOGL,324.44060770670575
2026-02-25,312.67987060546875,GOOGL,323.8090525309245
2026-02-26,307.1637878417969,GOOGL,322.8567230224609
2026-02-27,311.54071044921875,GOOGL,322.05462137858075
2026-03-02,306.3043518066406,GOOGL,321.1799031575521
2026-03-03,303.3664245605469,GOOGL,320.2998555501302
2026-03-04,302.9167785644531,GOOGL,319.6712982177734
2026-03-05,300.6683349609375,GOOGL,318.7552754720052
2026-03-06,298.30999755859375,GOOGL,317.6886922200521
2026-03-09,306.3599853515625,GOOGL,316.9773813883464
2026-03-10,307.0400085449219,GOOGL,316.11119588216144
2026-03-11,308.70001220703125,GOOGL,315.2573750813802
2026-03-12,303.54998779296875,GOOGL,314.1832529703776
2026-03-13,302.2799987792969,GOOGL,312.9921844482422
2026-03-16,305.55999755859375,GOOGL,311.9187764485677
2026-03-17,310.9200134277344,GOOGL,310.8345021565755
2026-03-18,307.69000244140625,GOOGL,309.77513529459634
2026-03-19,307.1300048828125,GOOGL,308.9192779541016
2026-03-20,301.0,GOOGL,307.91871236165366
2026-03-23,302.05999755859375,GOOGL,307.2329498291016
2026-03-24,290.44000244140625,GOOGL,306.11122131347656
2026-03-25,290.92999267578125,GOOGL,305.1970255533854
2026-03-26,280.9200134277344,GOOGL,304.20298461914064
2026-03-27,274.3399963378906,GOOGL,303.0548970540365
2026-03-30,273.5,GOOGL,301.9880655924479
2026-03-31,287.55999755859375,GOOGL,301.5131479899089
2026-04-01,297.3900146484375,GOOGL,301.3222615559896
2026-04-02,295.7699890136719,GOOGL,301.09336242675784
2026-04-06,299.989990234375,GOOGL,300.6010813395182
2026-04-07,305.4599914550781,GOOGL,300.4073852539062
2026-04-08,317.32000732421875,GOOGL,300.62867533365886
2026-04-09,318.489990234375,GOOGL,300.8223459879557
2026-04-10,317.239990234375,GOOGL,301.15821940104166
2026-04-13,321.30999755859375,GOOGL,301.4838623046875
2026-04-14,332.9100036621094,GOOGL,302.37071736653644
2026-04-15,337.1199951171875,GOOGL,303.49583638509114
2026-04-16,336.0199890136719,GOOGL,304.5992767333984
2026-04-17,341.67999267578125,GOOGL,305.9663319905599
2026-04-20,337.4200134277344,GOOGL,307.26999918619794
2026-04-21,332.2900085449219,GOOGL,308.13433329264325
2026-04-22,339.32000732421875,GOOGL,309.2103332519531
2026-04-23,338.8900146484375,GOOGL,310.21666666666664
2026-04-24,344.3999938964844,GOOGL,311.5783335367839
2026-04-27,350.3399963378906,GOOGL,313.1803334554036
2026-04-28,349.7799987792969,GOOGL,314.6543334960937
2026-04-29,349.94000244140625,GOOGL,315.9549997965495
2026-04-30,384.79998779296875,GOOGL,318.52533264160155
2026-05-01,385.69000244140625,GOOGL,321.143999226888
2026-05-04,383.25,GOOGL,323.8856658935547
2026-05-05,388.42999267578125,GOOGL,326.76466573079426
2026-05-06,398.0400085449219,GOOGL,330.35133260091146
2026-05-07,397.989990234375,GOOGL,333.9199991861979
2026-05-08,400.79998779296875,GOOGL,337.91599833170574
2025-05-09,435.3967590332031,MSFT,
2025-05-12,445.8467712402344,MSFT,
2025-05-13,445.72772216796875,MSFT,
2025-05-14,449.4988098144531,MSFT,
2025-05-15,450.5129089355469,MSFT,
2025-05-16,451.6463623046875,MSFT,
2025-05-19,456.2197570800781,MSFT,
2025-05-20,455.5238342285156,MSFT,
2025-05-21,449.9561462402344,MSFT,
2025-05-22,452.2329406738281,MSFT,
2025-05-23,447.5799560546875,MSFT,
2025-05-27,458.02923583984375,MSFT,
2025-05-28,454.7184753417969,MSFT,
2025-05-29,456.0308837890625,MSFT,
2025-05-30,457.7011413574219,MSFT,
2025-06-02,459.3018798828125,MSFT,
2025-06-03,460.29608154296875,MSFT,
2025-06-04,461.19085693359375,MSFT,
2025-06-05,464.9788513183594,MSFT,
2025-06-06,467.66326904296875,MSFT,
2025-06-09,470.0196228027344,MSFT,
2025-06-10,468.2001953125,MSFT,
2025-06-11,469.8903503417969,MSFT,
2025-06-12,476.1042785644531,MSFT,
2025-06-13,472.2168273925781,MSFT,
2025-06-16,476.3727111816406,MSFT,
2025-06-17,475.279052734375,MSFT,
2025-06-18,477.4663391113281,MSFT,
2025-06-20,474.6427307128906,MSFT,
2025-06-23,483.1930847167969,MSFT,460.78126118977866
2025-06-24,487.279296875,MSFT,462.51067911783855
2025-06-25,489.4268798828125,MSFT,463.9633494059245
2025-06-26,494.57696533203125,MSFT,465.59165751139324
2025-06-27,493.07568359375,MSFT,467.0442199707031
2025-06-30,494.5372009277344,MSFT,468.51169637044273
2025-07-01,489.2081298828125,MSFT,469.7637552897135
2025-07-02,488.2536926269531,MSFT,470.83155314127606
2025-07-03,495.95892333984375,MSFT,472.17938944498695
2025-07-07,494.84539794921875,MSFT,473.6756978352865
2025-07-08,493.751708984375,MSFT,475.0596567789714
2025-07-09,500.6019592285156,MSFT,476.8270568847656
2025-07-10,498.58367919921875,MSFT,478.1788716634115
2025-07-11,500.4130554199219,MSFT,479.7020243326823
2025-07-14,500.1147766113281,MSFT,481.17148742675784
2025-07-15,502.89862060546875,MSFT,482.6780700683594
2025-07-16,502.69976806640625,MSFT,484.1246663411458
2025-07-17,508.7446594238281,MSFT,485.7396189371745
2025-07-18,507.10418701171875,MSFT,487.270063273112
2025-07-21,507.1141052246094,MSFT,488.67457173665366
2025-07-22,502.3517761230469,MSFT,489.8308553059896
2025-07-23,502.94830322265625,MSFT,490.92847798665366
2025-07-24,507.92938232421875,MSFT,492.2527842203776
2025-07-25,510.7430725097656,MSFT,493.6145416259766
2025-07-28,509.5400085449219,MSFT,494.72906595865885
2025-07-29,509.609619140625,MSFT,495.9754923502604
2025-07-30,510.2757263183594,MSFT,497.1055928548177
2025-07-31,530.418701171875,MSFT,498.94358113606773
2025-08-01,521.0829467773438,MSFT,500.3974680582682
2025-08-04,532.5464477539062,MSFT,502.3275919596354
2025-08-05,524.7019653320312,MSFT,503.7112213134766
2025-08-06,521.908203125,MSFT,504.8655181884766
2025-08-07,517.8319091796875,MSFT,505.8123524983724
2025-08-08,519.02490234375,MSFT,506.6272837320964
2025-08-11,518.7564697265625,MSFT,507.4833099365234
2025-08-12,526.183349609375,MSFT,508.5381815592448
2025-08-13,517.5734252929688,MSFT,509.48369140625
2025-08-14,519.46240234375,MSFT,510.52398173014325
2025-08-15,517.1657104492188,MSFT,511.2308746337891
2025-08-18,514.1134033203125,MSFT,511.8731414794922
2025-08-19,506.8258056640625,MSFT,512.3089447021484
2025-08-20,502.7992248535156,MSFT,512.3821868896484
2025-08-21,502.15185546875,MSFT,512.5011260986328
2025-08-22,505.1295166015625,MSFT,512.6583414713542
2025-08-25,502.17181396484375,MSFT,512.726909383138
2025-08-26,499.96099853515625,MSFT,512.6289886474609
2025-08-27,504.64154052734375,MSFT,512.6937143961588
2025-08-28,507.529541015625,MSFT,512.6532104492187
2025-08-29,504.59173583984375,MSFT,512.5694620768229
2025-09-02,503.0282287597656,MSFT,512.4332661946614
2025-09-03,503.2572937011719,MSFT,512.4634501139323
2025-09-04,505.866455078125,MSFT,512.560721842448
2025-09-05,492.9501647949219,MSFT,512.0614145914714
2025-09-08,496.13690185546875,MSFT,511.5745422363281
2025-09-09,496.34600830078125,MSFT,511.1347422281901
2025-09-10,498.29791259765625,MSFT,510.7576853434245
2025-09-11,498.9352722167969,MSFT,510.3796702067057
2025-09-12,507.7884521484375,MSFT,509.6253285725912
2025-09-15,513.225830078125,MSFT,509.36342468261716
2025-09-16,506.9320068359375,MSFT,508.5096099853516
2025-09-17,507.9079284667969,MSFT,507.94980875651044
2025-09-18,506.3444519042969,MSFT,507.43101704915364
2025-09-19,515.7852172851562,MSFT,507.3627939860026
2025-09-22,512.3196411132812,MSFT,507.1392852783203
2025-09-23,507.1212463378906,MSFT,506.75144449869794
2025-09-24,508.0373840332031,MSFT,506.1465789794922
2025-09-25,504.9303283691406,MSFT,505.7251424153646
2025-09-26,509.3419494628906,MSFT,505.3877939860026
2025-09-29,512.4689331054688,MSFT,505.2312347412109
2025-09-30,515.8051147460938,MSFT,505.2876251220703
2025-10-01,517.5578002929688,MSFT,505.6453582763672
2025-10-02,513.6041870117188,MSFT,506.0055236816406
2025-10-03,515.20751953125,MSFT,506.440712483724
2025-10-06,526.3811645507812,MSFT,507.1491007486979
2025-10-07,521.8101196289062,MSFT,507.8037109375
2025-10-08,522.676513671875,MSFT,508.56089477539064
2025-10-09,520.2366943359375,MSFT,509.0807332356771
2025-10-10,508.84405517578125,MSFT,509.124550374349
2025-10-13,511.9212646484375,MSFT,509.3688680013021
2025-10-14,511.4432067871094,MSFT,509.6493672688802
2025-10-15,511.3038330078125,MSFT,509.91758524576824
2025-10-16,509.4913330078125,MSFT,510.0384145100912
2025-10-17,511.4532165527344,MSFT,510.6551829020182
2025-10-20,514.6498413085938,MSFT,511.27228088378905
2025-10-21,515.5162963867188,MSFT,511.9112904866536
2025-10-22,518.3843383789062,MSFT,512.5808380126953
2025-10-23,518.404296875,MSFT,513.229805501302
2025-10-24,521.441650390625,MSFT,513.684912109375
2025-10-27,529.3189697265625,MSFT,514.2213500976562
2025-10-28,539.8251953125,MSFT,515.3177897135416
2025-10-29,539.3073120117188,MSFT,516.3644358317057
2025-10-30,523.582763671875,MSFT,516.9390462239584
2025-10-31,515.6656494140625,MSFT,516.9350606282552
2025-11-03,514.888916015625,MSFT,517.020703125
2025-11-04,512.2001342773438,MSFT,517.1899993896484
2025-11-05,505.0597839355469,MSFT,517.0907460530599
2025-11-06,495.04144287109375,MSFT,516.7611165364583
2025-11-07,494.7626037597656,MSFT,516.2751383463542
2025-11-10,503.90460205078125,MSFT,515.9896606445312
2025-11-11,506.573486328125,MSFT,515.6819396972656
2025-11-12,509.0233154296875,MSFT,515.3974568684896
2025-11-13,501.205810546875,MSFT,514.9841776529948
2025-11-14,508.0672912597656,MSFT,514.7461700439453
2025-11-17,505.388427734375,MSFT,514.0464121500651
2025-11-18,491.74517822265625,MSFT,513.0442474365234
2025-11-19,485.102783203125,MSFT,511.7917897542318
2025-11-20,477.3404846191406,MSFT,510.36191609700523
2025-11-21,471.04486083984375,MSFT,509.10194295247396
2025-11-24,472.92059326171875,MSFT,507.8019205729167
2025-11-25,475.90374755859375,MSFT,506.6172719319662
2025-11-26,484.3943786621094,MSFT,505.7202901204427
2025-11-28,490.88958740234375,MSFT,505.10023193359376
2025-12-01,485.6315612792969,MSFT,504.23951009114586
2025-12-02,488.8841552734375,MSFT,503.380653889974
2025-12-03,476.64208984375,MSFT,502.08484700520836
2025-12-04,479.7449951171875,MSFT,500.7968688964844
2025-12-05,482.0597229003906,MSFT,499.58538309733075
2025-12-08,489.9018249511719,MSFT,498.5340555826823
2025-12-09,490.8995361328125,MSFT,497.25340779622394
2025-12-10,477.4701843261719,MSFT,495.17490743001304
2025-12-11,482.3690185546875,MSFT,493.27696431477864
2025-12-12,477.4402770996094,MSFT,491.73888142903644
2025-12-15,473.73870849609375,MSFT,490.34131673177086
2025-12-16,475.3051452636719,MSFT,489.0218577067057
2025-12-17,475.0357360839844,MSFT,487.7830444335938
2025-12-18,482.87786865234375,MSFT,487.04364725748695
2025-12-19,484.8134460449219,MSFT,486.7027140299479
2025-12-22,483.81573486328125,MSFT,486.3378184000651
2025-12-23,485.7413330078125,MSFT,485.7323760986328
2025-12-24,486.90863037109375,MSFT,485.0768809000651
2025-12-26,486.599365234375,MSFT,484.3294158935547
2025-12-29,485.9907531738281,MSFT,483.82224731445314
2025-12-30,486.3699035644531,MSFT,483.0990010579427
2025-12-31,482.5186767578125,MSFT,482.3366760253906
2026-01-02,471.8630065917969,MSFT,481.67393697102864
2026-01-05,471.773193359375,MSFT,481.2296173095703
2026-01-06,477.4203186035156,MSFT,481.23227844238284
2026-01-07,482.3690185546875,MSFT,481.60975036621096
2026-01-08,477.0212097167969,MSFT,481.74643758138023
2026-01-09,478.1885681152344,MSFT,481.8225982666016
2026-01-12,476.09332275390625,MSFT,481.5458964029948
2026-01-13,469.5981750488281,MSFT,480.8361826578776
2026-01-14,458.3338928222656,MSFT,479.92626037597654
2026-01-15,455.6200866699219,MSFT,478.8174580891927
2026-01-16,458.8127746582031,MSFT,478.2231475830078
2026-01-20,453.48492431640625,MSFT,477.3478118896484
2026-01-21,443.0986328125,MSFT,476.0491088867187
2026-01-22,450.1126403808594,MSFT,474.722802734375
2026-01-23,464.888916015625,MSFT,473.8557820638021
2026-01-26,469.20904541015625,MSFT,473.5804107666016
2026-01-27,479.485595703125,MSFT,473.4842966715495
2026-01-28,480.533203125,MSFT,473.58739420572914
2026-01-29,432.5128173828125,MSFT,472.21319783528645
2026-01-30,429.31011962890625,MSFT,470.6800303141276
2026-02-02,422.4058837890625,MSFT,468.9257019042969
2026-02-03,410.2735595703125,MSFT,466.50555826822915
2026-02-04,413.2467956542969,MSFT,464.12000325520836
2026-02-05,392.7735290527344,MSFT,461.08526306152345
2026-02-06,400.22650146484375,MSFT,458.2347686767578
2026-02-09,412.65814208984375,MSFT,455.75975240071614
2026-02-10,412.328857421875,MSFT,453.28406880696616
2026-02-11,403.4491271972656,MSFT,450.5326812744141
2026-02-12,400.9248962402344,MSFT,447.68451436360675
2026-02-13,400.4060974121094,MSFT,444.9474283854167
2026-02-17,395.95623779296875,MSFT,442.4172027587891
2026-02-18,398.69000244140625,MSFT,439.98109639485676
2026-02-19,398.4599914550781,MSFT,437.3490854899089
2026-02-20,397.2300109863281,MSFT,434.51111857096356
2026-02-23,384.4700012207031,MSFT,431.4260782877604
2026-02-24,389.0,MSFT,428.4531260172526
2026-02-25,400.6000061035156,MSFT,425.9366821289062
2026-02-26,401.7200012207031,MSFT,423.6740763346354
2026-02-27,392.739990234375,MSFT,421.48761291503905
2026-03-02,398.54998779296875,MSFT,419.5852762858073
2026-03-03,403.92999267578125,MSFT,417.75585021972654
2026-03-04,405.20001220703125,MSFT,416.14635314941404
2026-03-05,410.67999267578125,MSFT,415.06573181152345
2026-03-06,408.9599914550781,MSFT,413.6939768473307
2026-03-09,409.4100036621094,MSFT,411.8446797688802
2026-03-10,405.760009765625,MSFT,409.7297119140625
2026-03-11,404.8800048828125,MSFT,407.24285888671875
2026-03-12,401.8599853515625,MSFT,404.62041829427085
2026-03-13,395.54998779296875,MSFT,403.38832397460936
2026-03-16,399.95001220703125,MSFT,402.40965372721354
2026-03-17,399.4100036621094,MSFT,401.64312438964845
2026-03-18,391.7900085449219,MSFT,401.0270060221354
2026-03-19,389.0199890136719,MSFT,400.2194458007813
2026-03-20,381.8699951171875,MSFT,399.8559946695963
2026-03-23,383.0,MSFT,399.2817779541016
2026-03-24,372.739990234375,MSFT,397.9511728922526
2026-03-25,371.0400085449219,MSFT,396.5748779296875
2026-03-26,365.9700012207031,MSFT,395.32557373046876
2026-03-27,356.7699890136719,MSFT,393.85374348958334
2026-03-30,358.9599914550781,MSFT,392.472206624349
2026-03-31,370.1700134277344,MSFT,391.6126658121745
2026-04-01,369.3699951171875,MSFT,390.6353322347005
2026-04-02,373.4599914550781,MSFT,389.8019989013672
2026-04-06,372.8800048828125,MSFT,388.99033203125
2026-04-07,372.2900085449219,MSFT,388.58433227539064
2026-04-08,374.3299865722656,MSFT,388.0953318277995
2026-04-09,373.07000732421875,MSFT,387.1776652018229
2026-04-10,370.8699951171875,MSFT,386.1493316650391
2026-04-13,384.3699951171875,MSFT,385.8703318277995
2026-04-14,393.1099853515625,MSFT,385.6889984130859
2026-04-15,411.2200012207031,MSFT,385.93199869791664
2026-04-16,420.260009765625,MSFT,386.4339986165365
2026-04-17,422.7900085449219,MSFT,386.83766581217446
2026-04-20,418.07000732421875,MSFT,387.1413330078125
2026-04-21,424.1600036621094,MSFT,387.63299967447915
2026-04-22,432.9200134277344,MSFT,388.5383331298828
2026-04-23,415.75,MSFT,388.9006663004557
2026-04-24,424.6199951171875,MSFT,389.6593332926432
2026-04-27,424.82000732421875,MSFT,390.63500061035154
2026-04-28,429.25,MSFT,391.6116668701172
2026-04-29,424.4599914550781,MSFT,392.44666646321616
2026-04-30,407.7799987792969,MSFT,392.9796661376953
2026-05-01,414.44000244140625,MSFT,393.8269999186198
2026-05-04,413.6199951171875,MSFT,394.8853332519531
2026-05-05,411.3800048828125,MSFT,395.8313334147135
2026-05-06,413.9599914550781,MSFT,397.20533345540366
2026-05-07,420.7699890136719,MSFT,398.8629994710287
2026-05-08,415.1199951171875,MSFT,400.50133260091144
2025-05-09,298.260009765625,TSLA,
2025-05-12,318.3800048828125,TSLA,
2025-05-13,334.07000732421875,TSLA,
2025-05-14,347.67999267578125,TSLA,
2025-05-15,342.82000732421875,TSLA,
2025-05-16,349.9800109863281,TSLA,
2025-05-19,342.0899963378906,TSLA,
2025-05-20,343.82000732421875,TSLA,
2025-05-21,334.6199951171875,TSLA,
2025-05-22,341.0400085449219,TSLA,
2025-05-23,339.3399963378906,TSLA,
2025-05-27,362.8900146484375,TSLA,
2025-05-28,356.8999938964844,TSLA,
2025-05-29,358.42999267578125,TSLA,
2025-05-30,346.4599914550781,TSLA,
2025-06-02,342.69000244140625,TSLA,
2025-06-03,344.2699890136719,TSLA,
2025-06-04,332.04998779296875,TSLA,
2025-06-05,284.70001220703125,TSLA,
2025-06-06,295.1400146484375,TSLA,
2025-06-09,308.5799865722656,TSLA,
2025-06-10,326.0899963378906,TSLA,
2025-06-11,326.42999267578125,TSLA,
2025-06-12,319.1099853515625,TSLA,
2025-06-13,325.30999755859375,TSLA,
2025-06-16,329.1300048828125,TSLA,
2025-06-17,316.3500061035156,TSLA,
2025-06-18,322.04998779296875,TSLA,
2025-06-20,322.1600036621094,TSLA,
2025-06-23,348.67999267578125,TSLA,331.98399963378904
2025-06-24,340.4700012207031,TSLA,333.39099934895836
2025-06-25,327.54998779296875,TSLA,333.69666544596356
2025-06-26,325.7799987792969,TSLA,333.4203318277995
2025-06-27,323.6300048828125,TSLA,332.61866556803386
2025-06-30,317.6600036621094,TSLA,331.7799987792969
2025-07-01,300.7099914550781,TSLA,330.1376647949219
2025-07-02,315.6499938964844,TSLA,329.25633138020834
2025-07-03,315.3500061035156,TSLA,328.3073313395182
2025-07-07,293.94000244140625,TSLA,326.9513315836588
2025-07-08,297.80999755859375,TSLA,325.5103312174479
2025-07-09,295.8800048828125,TSLA,324.06166483561196
2025-07-10,309.8699951171875,TSLA,322.29433085123696
2025-07-11,313.510009765625,TSLA,320.847998046875
2025-07-14,316.8999938964844,TSLA,319.4636647542318
2025-07-15,310.7799987792969,TSLA,318.2743316650391
2025-07-16,321.6700134277344,TSLA,317.57366536458335
2025-07-17,319.4100036621094,TSLA,316.7449991861979
2025-07-18,329.6499938964844,TSLA,316.6649993896484
2025-07-21,328.489990234375,TSLA,318.1246653238932
2025-07-22,332.1099853515625,TSLA,319.35699768066405
2025-07-23,332.55999755859375,TSLA,320.1563313802083
2025-07-24,305.29998779296875,TSLA,319.4633310953776
2025-07-25,316.05999755859375,TSLA,319.11766459147134
2025-07-28,325.5899963378906,TSLA,319.3336649576823
2025-07-29,321.20001220703125,TSLA,319.19666544596356
2025-07-30,319.0400085449219,TSLA,318.86033223470054
2025-07-31,308.2699890136719,TSLA,318.59099833170575
2025-08-01,302.6300048828125,TSLA,317.94366556803385
2025-08-04,309.260009765625,TSLA,317.5136657714844
2025-08-05,308.7200012207031,TSLA,316.1816660563151
2025-08-06,319.9100036621094,TSLA,315.496332804362
2025-08-07,322.2699890136719,TSLA,315.32033284505206
2025-08-08,329.6499938964844,TSLA,315.44933268229164
2025-08-11,339.0299987792969,TSLA,315.96266581217446
2025-08-12,340.8399963378906,TSLA,316.73533223470054
2025-08-13,339.3800048828125,TSLA,318.0243326822917
2025-08-14,335.5799865722656,TSLA,318.68866577148435
2025-08-15,330.55999755859375,TSLA,319.19566548665364
2025-08-18,335.1600036621094,TSLA,320.5696655273438
2025-08-19,329.30999755859375,TSLA,321.6196655273437
2025-08-20,323.8999938964844,TSLA,322.5536651611328
2025-08-21,320.1099853515625,TSLA,322.89499816894534
2025-08-22,340.010009765625,TSLA,323.77833150227866
2025-08-25,346.6000061035156,TSLA,324.76833190917966
2025-08-26,351.6700134277344,TSLA,326.13133239746094
2025-08-27,349.6000061035156,TSLA,327.0623321533203
2025-08-28,345.9800109863281,TSLA,327.9479990641276
2025-08-29,333.8699951171875,TSLA,328.0886657714844
2025-09-02,329.3599853515625,TSLA,328.11766560872394
2025-09-03,334.0899963378906,TSLA,328.1836659749349
2025-09-04,338.5299987792969,TSLA,328.382666015625
2025-09-05,350.8399963378906,TSLA,329.9006663004557
2025-09-08,346.3999938964844,TSLA,330.91199951171876
2025-09-09,346.9700012207031,TSLA,331.6246663411458
2025-09-10,347.7900085449219,TSLA,332.51099955240886
2025-09-11,368.80999755859375,TSLA,334.1699991861979
2025-09-12,395.94000244140625,TSLA,337.0923329671224
2025-09-15,410.0400085449219,TSLA,340.67266642252605
2025-09-16,421.6199951171875,TSLA,344.4179992675781
2025-09-17,425.8599853515625,TSLA,348.3226654052734
2025-09-18,416.8500061035156,TSLA,351.553998819987
2025-09-19,426.07000732421875,TSLA,355.0139994303385
2025-09-22,434.2099914550781,TSLA,358.49933268229165
2025-09-23,425.8500061035156,TSLA,361.39333292643227
2025-09-24,442.7900085449219,TSLA,364.7916666666667
2025-09-25,423.3900146484375,TSLA,367.5920003255208
2025-09-26,440.3999938964844,TSLA,371.08600056966145
2025-09-29,443.2099914550781,TSLA,374.84100036621095
2025-09-30,444.7200012207031,TSLA,378.4930002848307
2025-10-01,459.4599914550781,TSLA,382.8313334147135
2025-10-02,436.0,TSLA,386.5680002848307
2025-10-03,429.8299865722656,TSLA,390.22533365885414
2025-10-06,453.25,TSLA,394.0
2025-10-07,433.0899963378906,TSLA,396.88299967447915
2025-10-08,438.69000244140625,TSLA,399.7836659749349
2025-10-09,435.5400085449219,TSLA,402.64833272298176
2025-10-10,413.489990234375,TSLA,404.89866536458334
2025-10-13,435.8999938964844,TSLA,408.29966532389324
2025-10-14,429.239990234375,TSLA,411.628998819987
2025-10-15,435.1499938964844,TSLA,414.99766540527344
2025-10-16,428.75,TSLA,418.0049987792969
2025-10-17,439.30999755859375,TSLA,420.95399881998696
2025-10-20,447.42999267578125,TSLA,424.32166544596356
2025-10-21,442.6000061035156,TSLA,427.50933227539065
2025-10-22,438.9700012207031,TSLA,430.5486653645833
2025-10-23,448.9800109863281,TSLA,433.2209991455078
2025-10-24,433.7200012207031,TSLA,434.48033243815104
2025-10-27,452.4200134277344,TSLA,435.89299926757815
2025-10-28,460.54998779296875,TSLA,437.19066569010414
2025-10-29,461.510009765625,TSLA,438.3789998372396
2025-10-30,440.1000061035156,TSLA,439.1539998372396
2025-10-31,456.55999755859375,TSLA,440.1703328450521
2025-11-03,468.3699951171875,TSLA,441.3089996337891
2025-11-04,444.260009765625,TSLA,441.92266642252605
2025-11-05,462.07000732421875,TSLA,442.5653330485026
2025-11-06,445.9100036621094,TSLA,443.3159993489583
2025-11-07,429.5199890136719,TSLA,442.9533325195313
2025-11-10,445.2300109863281,TSLA,443.0206665039062
2025-11-11,439.6199951171875,TSLA,442.8506663004557
2025-11-12,430.6000061035156,TSLA,441.888666788737
2025-11-13,401.989990234375,TSLA,440.7549997965495
2025-11-14,404.3500061035156,TSLA,439.9056671142578
2025-11-17,408.9200134277344,TSLA,438.42800089518227
2025-11-18,401.25,TSLA,437.3666676839193
2025-11-19,403.989990234375,TSLA,436.2100006103516
2025-11-20,395.2300109863281,TSLA,434.8663340250651
2025-11-21,391.0899963378906,TSLA,434.119667561849
2025-11-24,417.7799987792969,TSLA,433.5156677246094
2025-11-25,419.3999938964844,TSLA,433.1876678466797
2025-11-26,426.5799865722656,TSLA,432.9020009358724
2025-11-28,430.1700134277344,TSLA,432.9493347167969
2025-12-01,430.1400146484375,TSLA,432.64366861979164
2025-12-02,429.239990234375,TSLA,432.03733520507814
2025-12-03,446.739990234375,TSLA,432.1753346761068
2025-12-04,454.5299987792969,TSLA,432.6940012613932
2025-12-05,455.0,TSLA,432.89466756184896
2025-12-08,439.5799865722656,TSLA,433.090000406901
2025-12-09,445.1700134277344,TSLA,432.84833374023435
2025-12-10,451.45001220703125,TSLA,432.5450012207031
2025-12-11,446.8900146484375,TSLA,432.0576680501302
2025-12-12,458.9599914550781,TSLA,432.68633422851565
2025-12-15,475.30999755859375,TSLA,433.31133422851565
2025-12-16,489.8800048828125,TSLA,434.02833455403646
2025-12-17,467.260009765625,TSLA,434.7950012207031
2025-12-18,483.3699951171875,TSLA,435.5050008138021
2025-12-19,481.20001220703125,TSLA,436.68133443196615
2025-12-22,488.7300109863281,TSLA,438.6550018310547
2025-12-23,485.55999755859375,TSLA,439.99933471679685
2025-12-24,485.3999938964844,TSLA,441.52533467610675
2025-12-26,475.19000244140625,TSLA,443.0116678873698
2025-12-29,459.6400146484375,TSLA,444.93333536783854
2025-12-30,454.42999267578125,TSLA,446.6026682535807
2025-12-31,449.7200012207031,TSLA,447.96266784667966
2026-01-02,438.07000732421875,TSLA,449.19000142415365
2026-01-05,451.6700134277344,TSLA,450.779335530599
2026-01-06,432.9599914550781,TSLA,452.03700154622396
2026-01-07,431.4100036621094,TSLA,453.38100179036456
2026-01-08,435.79998779296875,TSLA,453.98166809082034
2026-01-09,445.010009765625,TSLA,454.83533528645836
2026-01-12,448.9599914550781,TSLA,455.5813354492187
2026-01-13,447.20001220703125,TSLA,456.1490020751953
2026-01-14,439.20001220703125,TSLA,456.4510019938151
2026-01-15,438.57000732421875,TSLA,456.7620025634766
2026-01-16,437.5,TSLA,456.4540028889974
2026-01-20,419.25,TSLA,455.2780029296875
2026-01-21,431.44000244140625,TSLA,454.4926696777344
2026-01-22,449.3599853515625,TSLA,454.81866963704425
2026-01-23,449.05999755859375,TSLA,454.9483357747396
2026-01-26,435.20001220703125,TSLA,454.4066691080729
2026-01-27,430.8999938964844,TSLA,453.87366841634116
2026-01-28,431.4599914550781,TSLA,452.9570017496745
2026-01-29,416.55999755859375,TSLA,450.99866841634116
2026-01-30,430.4100036621094,TSLA,449.01633504231773
2026-02-02,421.80999755859375,TSLA,447.50133463541664
2026-02-03,421.9599914550781,TSLA,445.45433451334634
2026-02-04,406.010009765625,TSLA,442.9480010986328
2026-02-05,397.2099914550781,TSLA,439.8973337809245
2026-02-06,411.1099853515625,TSLA,437.41566670735676
2026-02-09,417.32000732421875,TSLA,435.1463338216146
2026-02-10,425.2099914550781,TSLA,433.48033345540364
2026-02-11,428.2699890136719,TSLA,432.4346659342448
2026-02-12,417.07000732421875,TSLA,431.1893330891927
2026-02-13,417.44000244140625,TSLA,430.1133331298828
2026-02-17,410.6300048828125,TSLA,429.19866638183595
2026-02-18,411.32000732421875,TSLA,427.8536661783854
2026-02-19,411.7099914550781,TSLA,427.1453328450521
2026-02-20,411.82000732421875,TSLA,426.4923329671224
2026-02-23,399.8299865722656,TSLA,425.2933329264323
2026-02-24,409.3800048828125,TSLA,424.1056660970052
2026-02-25,417.3999938964844,TSLA,423.0536661783854
2026-02-26,408.5799865722656,TSLA,421.7663319905599
2026-02-27,402.510009765625,TSLA,420.5433319091797
2026-03-02,403.32000732421875,TSLA,419.3683319091797
2026-03-03,392.42999267578125,TSLA,417.8659983317057
2026-03-04,405.94000244140625,TSLA,417.4223317464193
2026-03-05,405.54998779296875,TSLA,416.559331258138
2026-03-06,396.7300109863281,TSLA,414.80499877929685
2026-03-09,398.67999267578125,TSLA,413.12566528320315
2026-03-10,399.239990234375,TSLA,411.9269978841146
2026-03-11,407.82000732421875,TSLA,411.1576649983724
2026-03-12,395.010009765625,TSLA,409.942665608724
2026-03-13,391.20001220703125,TSLA,409.0973327636719
2026-03-16,395.55999755859375,TSLA,407.9356658935547
2026-03-17,399.2699890136719,TSLA,407.1843322753906
2026-03-18,392.7799987792969,TSLA,406.2116658528646
2026-03-19,380.29998779296875,TSLA,405.3546651204427
2026-03-20,367.9599914550781,TSLA,404.3796651204427
2026-03-23,380.8500061035156,TSLA,403.3709991455078
2026-03-24,383.0299987792969,TSLA,402.2279988606771
2026-03-25,385.95001220703125,TSLA,400.91933288574216
2026-03-26,372.1099853515625,TSLA,399.0473327636719
2026-03-27,361.8299865722656,TSLA,397.20599873860675
2026-03-30,355.2799987792969,TSLA,395.1339986165365
2026-03-31,371.75,TSLA,393.83799845377604
2026-04-01,381.260009765625,TSLA,392.83599853515625
2026-04-02,360.5899963378906,TSLA,391.1319986979167
2026-04-06,352.82000732421875,TSLA,389.16533203125
2026-04-07,346.6499938964844,TSLA,387.392665608724
2026-04-08,343.25,TSLA,385.18833211263023
2026-04-09,345.6199951171875,TSLA,382.79566548665366
2026-04-10,348.95001220703125,TSLA,380.80799967447916
2026-04-13,352.4200134277344,TSLA,379.1383331298828
2026-04-14,364.20001220703125,TSLA,377.83433329264324
2026-04-15,391.95001220703125,TSLA,377.8183339436849
2026-04-16,388.8999938964844,TSLA,377.2503336588542
2026-04-17,400.6199951171875,TSLA,377.08600056966145
2026-04-20,392.5,TSLA,376.94500020345055
2026-04-21,386.4200134277344,TSLA,376.5363342285156
2026-04-22,387.510009765625,TSLA,376.1453348795573
2026-04-23,373.7200012207031,TSLA,375.0086680094401
2026-04-24,376.29998779296875,TSLA,374.38500061035154
2026-04-27,378.6700134277344,TSLA,373.967333984375
2026-04-28,376.0199890136719,TSLA,373.3160003662109
2026-04-29,372.79998779296875,TSLA,372.4336669921875
2026-04-30,381.6300048828125,TSLA,372.06200052897134
2026-05-01,390.82000732421875,TSLA,372.4126678466797
2026-05-04,392.510009765625,TSLA,373.2310017903646
2026-05-05,389.3699951171875,TSLA,373.51500142415364
2026-05-06,398.7300109863281,TSLA,374.038335164388
2026-05-07,411.7900085449219,TSLA,374.89966837565106
2026-05-08,428.3500061035156,TSLA,376.7743357340495
